<?xml version="1.0" encoding="UTF-8"?>
<ti:module xmlns:ti="http://ti.appcelerator.org" xmlns:android="http://schemas.android.com/apk/res/android">
    <!--
         Similar to tiapp.xml, but contains module/platform specific
         configuration in <iphone> and <android> sections
     -->
    <iphone>
    </iphone>
    <android xmlns:android="http://schemas.android.com/apk/res/android">

        <manifest>

            <!-- The BUMP API requires the following permissions -->
            <uses-permission android:name="android.permission.ACCESS_FINE_LOCATION"/>
            <uses-permission android:name="android.permission.ACCESS_COARSE_LOCATION"/>
            <uses-permission android:name="android.permission.INTERNET"/>
            <uses-permission android:name="android.permission.VIBRATE"/>
            <uses-permission android:name="android.permission.READ_PHONE_STATE"/>

            <application>
                <!-- And it needs these two activities to be registered -->
                <activity android:name="com.bumptech.bumpapi.BumpAPI" android:configChanges="keyboardHidden|orientation"
                          android:theme="@style/BumpDialog"/>
                <activity android:name="com.bumptech.bumpapi.EditTextActivity"
                          android:configChanges="keyboardHidden|orientation" android:theme="@style/BumpDialog"/>
            </application>
        </manifest>
    </android>
</ti:module>
