<?xml version="1.0" encoding="UTF-8"?>
<ti:module
        xmlns:android="http://schemas.android.com/apk/res/android"
        xmlns:ti="http://ti.appcelerator.org">
    <android xmlns:android="http://schemas.android.com/apk/res/android">
        <manifest>
            <uses-permission android:name="android.permission.ACCESS_WIFI_STATE"/>
            <uses-permission android:name="android.permission.INTERNET"/>
            <uses-permission android:name="android.permission.READ_PHONE_STATE"/>
            <application>
                <activity android:name="com.paypal.android.MEP.PayPalActivity"
                          android:theme="@android:style/Theme.Translucent.NoTitleBar"
                          android:configChanges="keyboardHidden|orientation"/>
            </application>
        </manifest>
    </android>
</ti:module>
